name,element,GW,bonus,clean_sheets,goals_conceded,minutes,own_goals,penalties_saved,saves,selected,transfers_balance,yellow_cards,value,total_points,mean_reversion
Aaron Ramsdale,17,2,0,1,1,180,0,0,3,17.7,-65225,0,5.0,8,0.0
Adam Davies,479,2,0,0,0,0,0,0,0,0.2,-770,0,4.0,0,0.0
Adrián San Miguel del Castillo,289,2,0,0,0,0,0,0,0,0.3,-1060,0,4.0,0,0.0
Alfie Whiteman,521,2,0,0,0,0,0,0,0,0.2,-4653,0,4.0,0,0.0
Alisson Ramses Becker,291,2,0,0,2,180,0,0,8,9.4,-19813,1,5.5,5,0.0
Alphonse Areola,524,2,2,0,2,180,0,1,7,24.3,152968,0,4.0,13,0.0
André Onana,597,2,1,1,2,180,0,0,11,29.3,78313,0,5.0,11,0.0
Andy Lonergan,579,2,0,0,0,0,0,0,0,0.1,-332,0,4.0,0,0.0
Arijanet Muric,172,2,0,0,0,0,0,0,0,0.2,-5366,0,4.5,0,0.0
Bailey Peacock-Farrell,175,2,0,0,0,0,0,0,0,0.0,-373,0,4.0,0,0.0
Bart Verbruggen,152,2,0,0,0,0,0,0,0,0.4,-10513,0,4.4,0,0.0
Bernd Leno,275,2,3,1,3,180,0,0,14,9.9,130100,0,4.5,14,0.0
Brandon Austin,491,2,0,0,0,0,0,0,0,0.2,-467,0,4.0,0,0.0
Caoimhin Kelleher,301,2,0,0,0,0,0,0,0,0.3,-1899,0,4.0,0,0.0
Daniel Bentley,546,2,0,0,0,0,0,0,0,0.4,-2355,0,4.0,0,0.0
Darren Randolph,80,2,0,0,0,0,0,0,0,0.6,-1971,0,4.0,0,0.0
David Raya Martin,113,2,0,0,0,0,0,0,0,3.5,-161310,0,4.9,0,0.0
Dean Henderson,385,2,0,0,0,0,0,0,0,0.3,-9195,0,4.5,0,0.0
Denis Franchi,169,2,0,0,0,0,0,0,0,0.2,-1681,0,4.0,0,0.0
Ederson Santana de Moraes,352,2,0,2,0,180,0,0,2,18.2,165011,0,5.5,12,0.0
Ellery Balcombe,91,2,0,0,0,0,0,0,0,0.3,-1186,0,4.0,0,0.0
Emiliano Martínez Romero,49,2,2,1,5,180,0,0,9,8.2,-776,1,5.0,9,0.0
Ethan Horvath,449,2,0,0,0,0,0,0,0,0.1,-2069,0,4.5,0,0.0
Filip Marschall,670,2,0,0,0,0,0,0,0,0.0,100,0,4.0,0,0.0
Fraser Forster,498,2,0,0,0,0,0,0,0,3.4,-63227,0,4.0,0,0.0
Gabriel Słonina,215,2,0,0,0,0,0,0,0,0.1,-1842,0,4.0,0,0.0
George Shelvey,636,2,0,0,0,0,0,0,0,0.0,-131,0,4.0,0,0.0
Guglielmo Vicario,520,2,3,1,2,180,0,0,10,1.4,62459,1,5.0,12,0.0
Hugo Lloris,502,2,0,0,0,0,0,0,0,0.7,-13219,0,5.0,0,0.0
Ionuț Radu,607,2,0,0,0,0,0,0,0,0.1,-1338,0,4.5,0,0.0
Jack Walton,338,2,0,0,0,0,0,0,0,0.0,-276,0,4.0,0,0.0
James Shea,335,2,0,0,0,0,0,0,0,0.2,-3178,0,4.5,0,0.0
James Trafford,596,2,0,0,3,90,0,0,5,1.0,-3267,0,4.5,2,0.0
Jason Steele,148,2,0,0,2,180,0,0,6,5.3,-32918,0,4.5,5,0.0
Joe Whitworth,243,2,0,0,0,0,0,0,0,1.4,659,0,4.0,0,0.0
Jordan Amissah,472,2,0,0,0,0,0,0,0,0.3,-2364,0,4.0,0,0.0
Jordan Pickford,263,2,0,0,5,180,0,0,4,13.3,-138679,1,4.5,2,0.0
Joseph Anang,647,2,0,0,0,0,0,0,0,0.0,713,0,4.0,0,0.0
José Malheiro de Sá,569,2,0,0,5,180,0,0,6,1.1,-5190,0,5.0,3,0.0
João Neves Virgínia,266,2,0,0,0,0,0,0,0,0.5,-5813,0,4.0,0,0.0
Karl Darlow,408,2,0,0,0,0,0,0,0,0.0,-404,0,4.0,0,0.0
Karl Hein,646,2,0,0,0,0,0,0,0,0.0,360,0,4.0,0,0.0
Kepa Arrizabalaga,187,2,0,0,0,0,0,0,0,0.5,-55890,0,5.0,0,0.0
Kjell Scherpen,147,2,0,0,0,0,0,0,0,0.0,-19,0,4.0,0,0.0
Lawrence Vigouroux,181,2,0,0,0,0,0,0,0,0.2,-1161,0,4.0,0,0.0
Loris Karius,580,2,0,0,0,0,0,0,0,0.3,-1644,0,4.0,0,0.0
Lucas Bergström,659,2,0,0,0,0,0,0,0,0.0,496,0,4.0,0,0.0
Lukasz Fabianski,533,2,0,0,0,0,0,0,0,2.6,-53348,0,4.5,0,0.0
Marcus Bettinelli,192,2,0,0,0,0,0,0,0,0.0,-398,0,4.0,0,0.0
Marek Rodák,284,2,0,0,0,0,0,0,0,0.4,-2457,0,4.0,0,0.0
Mark Flekken,101,2,0,1,2,180,0,0,6,2.3,31043,0,4.5,8,0.0
Mark Gillespie,411,2,0,0,0,0,0,0,0,0.1,-606,0,4.0,0,0.0
Mark Travers,88,2,0,0,0,0,0,0,0,0.2,-3166,0,4.0,0,0.0
Martin Dubravka,409,2,0,0,0,0,0,0,0,1.1,-9435,0,4.0,0,0.0
Matija Šarkić,571,2,0,0,0,0,0,0,0,0.5,-9185,0,4.0,0,0.0
Matt Macey,323,2,0,0,0,0,0,0,0,0.6,-6861,0,4.0,0,0.0
Matt Turner,28,2,0,0,3,180,0,0,7,14.5,72503,0,4.0,4,0.0
Matthew Cox,97,2,0,0,0,0,0,0,0,0.0,-229,0,4.0,0,0.0
Nick Pope,424,2,0,0,2,180,0,0,8,10.8,-70872,0,5.5,6,0.0
Norberto Murara Neto,77,2,3,0,4,180,0,1,9,1.0,9187,1,4.5,12,0.0
Radek Vítek,669,2,0,0,0,0,0,0,0,0.0,285,0,4.0,0,0.0
Remi Matthews,233,2,0,0,0,0,0,0,0,0.1,-603,0,4.0,0,0.0
Robert Sánchez,145,2,0,0,4,180,0,0,3,4.5,114162,0,4.5,4,0.0
Robin Olsen,53,2,0,0,0,0,0,0,0,0.9,-3818,0,4.0,0,0.0
Rúnar Alex Rúnarsson,18,2,0,0,0,0,0,0,0,0.2,-2466,0,4.0,0,0.0
Sam Johnstone,230,2,0,1,1,180,0,0,3,2.1,4388,0,4.5,8,0.0
Scott Carson,347,2,0,0,0,0,0,0,0,0.1,-708,0,4.0,0,0.0
Stefan Ortega Moreno,361,2,0,0,0,0,0,0,0,0.6,-8720,0,4.0,0,0.0
Thomas Kaminski,614,2,1,0,4,90,0,0,8,0.2,-498,0,4.5,3,0.0
Thomas Strakosha,116,2,0,0,0,0,0,0,0,0.4,-2449,0,4.0,0,0.0
Tim Krul,665,2,0,0,0,0,0,0,0,0.0,366,0,4.5,0,0.0
Tom Heaton,384,2,0,0,0,0,0,0,0,0.1,-2663,0,4.0,0,0.0
Tom King,564,2,0,0,0,0,0,0,0,0.8,-945,0,4.0,0,0.0
Tom McGill,141,2,0,0,0,0,0,0,0,0.2,-1928,0,4.0,0,0.0
Vicente Guaita,227,2,0,0,0,0,0,0,0,0.8,-15712,0,4.5,0,0.0
Viljami Sinisalo,57,2,0,0,0,0,0,0,0,0.0,-128,0,4.0,0,0.0
Wayne Hennessey,448,2,0,0,0,0,0,0,0,0.3,-4397,0,4.0,0,0.0
Wes Foderingham,482,2,0,0,3,180,0,0,9,0.3,1265,0,4.5,5,0.0
Zack Steffen,367,2,0,0,0,0,0,0,0,0.1,-1212,0,4.0,0,0.0
